step,t(s),meas_pos(m),meas_vel(m/s),est_pos(m),est_vel(m/s),u(m/s^2)
0,0,5.0039,1.01369,5.0039,1.01369,-0.551074
1,0.01,4.96563,0.972985,4.96575,0.972999,-0.545225
2,0.02,5.03155,0.989709,5.00352,0.978704,-0.549288
3,0.03,5.07699,0.973011,5.0345,0.973177,-0.552109
4,0.04,5.07269,1.02052,5.05152,0.981343,-0.554219
5,0.05,5.06935,0.979915,5.06293,0.976677,-0.555127
6,0.06,5.12006,0.964373,5.08054,0.969932,-0.55655
7,0.07,5.11782,0.954628,5.09411,0.962821,-0.557552
8,0.08,5.05388,0.937072,5.09739,0.954268,-0.557453
9,0.09,5.16319,0.896767,5.11292,0.941735,-0.558379
10,0.1,5.0686,0.904324,5.11679,0.932085,-0.558283
11,0.11,5.09058,0.940055,5.12292,0.928102,-0.558697
12,0.12,5.08129,0.929767,5.12797,0.92331,-0.558962
13,0.13,5.13467,0.914282,5.13696,0.917336,-0.559563
14,0.14,5.14089,0.929813,5.14583,0.913689,-0.560267
15,0.15,5.19669,0.901687,5.15769,0.907446,-0.561141
16,0.16,5.23303,0.904356,5.17089,0.902152,-0.562197
17,0.17,5.21229,0.918891,5.18192,0.89884,-0.563134
18,0.18,5.2416,0.894106,5.1937,0.893344,-0.564037
19,0.19,5.19232,0.917185,5.20223,0.890633,-0.564755
20,0.2,5.13319,0.879101,5.20717,0.884333,-0.564934
21,0.21,5.20121,0.884316,5.21532,0.879223,-0.565493
22,0.22,5.30023,0.869103,5.22752,0.873204,-0.566412
23,0.23,5.22479,0.865246,5.23571,0.867306,-0.566937
24,0.24,5.20365,0.84612,5.24256,0.860096,-0.567261
25,0.25,5.16281,0.876152,5.24773,0.856433,-0.567594
26,0.26,5.30643,0.835099,5.2581,0.8493,-0.568275
27,0.27,5.19344,0.880242,5.26408,0.84706,-0.568761
28,0.28,5.27611,0.871527,5.27284,0.844266,-0.569498
29,0.29,5.26848,0.797595,5.28055,0.834636,-0.569787
30,0.3,5.31332,0.842082,5.28977,0.83022,-0.570488
31,0.31,5.29251,0.802115,5.29772,0.82237,-0.57089
32,0.32,5.35728,0.791642,5.30736,0.814329,-0.571453
33,0.33,5.33749,0.812362,5.31617,0.808995,-0.572067
34,0.34,5.36479,0.800563,5.32541,0.80306,-0.572694
35,0.35,5.31486,0.782228,5.33278,0.795874,-0.573072
36,0.36,5.32706,0.812386,5.34048,0.792246,-0.57366
37,0.37,5.2867,0.790078,5.34672,0.786781,-0.574011
38,0.38,5.35443,0.786364,5.3546,0.781547,-0.574537
39,0.39,5.35413,0.803076,5.36236,0.778388,-0.575156
40,0.4,5.35735,0.796533,5.36996,0.774896,-0.575741
41,0.41,5.43934,0.777744,5.37926,0.770028,-0.576428
42,0.42,5.38725,0.765507,5.38695,0.764382,-0.576914
43,0.43,5.39117,0.72015,5.39421,0.754951,-0.577168
44,0.44,5.44529,0.770029,5.40288,0.751213,-0.577848
45,0.45,5.39194,0.765467,5.41009,0.747318,-0.578375
46,0.46,5.37358,0.779961,5.41686,0.745137,-0.578943
47,0.47,5.42017,0.731641,5.42413,0.738609,-0.579344
48,0.48,5.46415,0.755189,5.43235,0.734982,-0.579984
49,0.49,5.28978,0.717194,5.43648,0.727863,-0.580042
50,0.5,5.41507,0.705078,5.44303,0.720413,-0.580323
51,0.51,5.42634,0.742941,5.44994,0.717275,-0.580858
52,0.52,5.49978,0.680246,5.45768,0.70855,-0.581195
53,0.53,5.4856,0.710487,5.46519,0.7035,-0.581694
54,0.54,5.49561,0.674932,5.47246,0.695549,-0.582024
55,0.55,5.46806,0.667842,5.47901,0.687633,-0.582283
56,0.56,5.44654,0.674131,5.48509,0.681032,-0.58256
57,0.57,5.53444,0.700042,5.49282,0.67762,-0.583163
58,0.58,5.47741,0.661152,5.4991,0.67075,-0.583447
59,0.59,5.48508,0.658827,5.50537,0.664311,-0.583753
60,0.6,5.56845,0.672419,5.51305,0.65987,-0.584299
61,0.61,5.54249,0.679071,5.5202,0.656437,-0.584842
62,0.62,5.43886,0.648182,5.52527,0.650248,-0.58504
63,0.63,5.57291,0.620369,5.53222,0.642166,-0.58533
64,0.64,5.61729,0.638228,5.53988,0.636595,-0.585818
65,0.65,5.57667,0.626254,5.54666,0.630349,-0.586184
66,0.66,5.45369,0.672764,5.55179,0.62895,-0.586626
67,0.67,5.58205,0.633495,5.5585,0.624104,-0.587055
68,0.68,5.46174,0.568946,5.56276,0.613416,-0.586947
69,0.69,5.51343,0.585535,5.56787,0.605382,-0.587056
70,0.7,5.56372,0.623358,5.57394,0.601766,-0.587482
71,0.71,5.56415,0.612104,5.57983,0.597412,-0.587853
72,0.72,5.68531,0.566664,5.58699,0.589298,-0.588164
73,0.73,5.56422,0.588727,5.59249,0.583884,-0.588444
74,0.74,5.61053,0.573271,5.59843,0.577566,-0.588722
75,0.75,5.49449,0.594466,5.60286,0.573702,-0.588971
76,0.76,5.68494,0.585706,5.60975,0.569613,-0.589456
77,0.77,5.59227,0.57497,5.6152,0.564758,-0.589758
78,0.78,5.62994,0.552953,5.62089,0.558311,-0.590005
79,0.79,5.64328,0.542498,5.62658,0.551491,-0.590233
80,0.8,5.55503,0.569898,5.63127,0.547798,-0.590517
81,0.81,5.6453,0.552603,5.63692,0.542922,-0.590838
82,0.82,5.59782,0.516199,5.64159,0.534976,-0.590908
83,0.83,5.57346,0.517048,5.64589,0.527827,-0.590981
84,0.84,5.6249,0.562287,5.65115,0.52572,-0.591401
85,0.85,5.61333,0.461545,5.65537,0.51421,-0.591248
86,0.86,5.67263,0.469388,5.66031,0.504615,-0.591261
87,0.87,5.65164,0.516264,5.66531,0.500354,-0.591548
88,0.88,5.66938,0.498817,5.67031,0.494853,-0.591773
89,0.89,5.65028,0.5215,5.67521,0.491998,-0.592121
90,0.9,5.67043,0.462897,5.67979,0.48386,-0.592172
91,0.91,5.67326,0.481724,5.6845,0.478283,-0.592364
92,0.92,5.66444,0.47491,5.689,0.472568,-0.592528
93,0.93,5.61502,0.471564,5.69285,0.467005,-0.592635
94,0.94,5.79757,0.462814,5.69862,0.461379,-0.592931
95,0.95,5.6742,0.423479,5.70261,0.452371,-0.59288
96,0.96,5.69432,0.464175,5.70712,0.448111,-0.593117
97,0.97,5.64912,0.450335,5.71096,0.44287,-0.59324
98,0.98,5.67859,0.44957,5.71508,0.438089,-0.593412
99,0.99,5.76134,0.444841,5.71998,0.433417,-0.593669
100,1,5.71893,0.435534,5.7243,0.428239,-0.593842
101,1.01,5.73143,0.392991,5.72833,0.419518,-0.593809
102,1.02,5.66796,0.404478,5.73175,0.412627,-0.593807
103,1.03,5.7058,0.398652,5.73547,0.405884,-0.593842
104,1.04,5.76152,0.395819,5.73969,0.399584,-0.593948
105,1.05,5.75257,0.393632,5.74375,0.393655,-0.594057
106,1.06,5.74413,0.372033,5.74748,0.386219,-0.594059
107,1.07,5.75553,0.381655,5.75137,0.380415,-0.594158
108,1.08,5.72075,0.369641,5.75477,0.373967,-0.594175
109,1.09,5.78721,0.35285,5.75863,0.366622,-0.594194
110,1.1,5.80423,0.37915,5.76282,0.362493,-0.594407
111,1.11,5.67767,0.377881,5.76575,0.358455,-0.594498
112,1.12,5.76222,0.319731,5.76896,0.349385,-0.594365
113,1.13,5.80355,0.339878,5.77269,0.343145,-0.594426
114,1.14,5.69437,0.342284,5.77537,0.337571,-0.594415
115,1.15,5.75032,0.303595,5.77821,0.328923,-0.594267
116,1.16,5.8058,0.312164,5.7816,0.321986,-0.594259
117,1.17,5.82407,0.27688,5.78481,0.312375,-0.5941
118,1.18,5.73929,0.282939,5.78726,0.304133,-0.593933
119,1.19,5.82183,0.332404,5.79085,0.301489,-0.59416
120,1.2,5.86091,0.326176,5.7947,0.298552,-0.594398
121,1.21,5.80237,0.268762,5.79749,0.290348,-0.594267
122,1.22,5.72756,0.297045,5.79984,0.285506,-0.594259
123,1.23,5.81162,0.275586,5.8027,0.279198,-0.59423
124,1.24,5.77324,0.276404,5.80521,0.27351,-0.594197
125,1.25,5.74153,0.242752,5.80713,0.265117,-0.593969
126,1.26,5.81883,0.276697,5.80998,0.260855,-0.594041
127,1.27,5.79615,0.221999,5.81214,0.251763,-0.593802
128,1.28,5.84129,0.268052,5.81504,0.247975,-0.593903
129,1.29,5.81805,0.254098,5.8176,0.243183,-0.593919
130,1.3,5.83976,0.230154,5.82011,0.236598,-0.593841
131,1.31,5.8916,0.232899,5.82304,0.230968,-0.593852
132,1.32,5.88966,0.221529,5.82582,0.224787,-0.593821
133,1.33,5.88473,0.20468,5.82838,0.217581,-0.593717
134,1.34,5.81531,0.21292,5.83041,0.211744,-0.593628
135,1.35,5.81199,0.216037,5.83242,0.206751,-0.59358
136,1.36,5.83248,0.206226,5.83449,0.201327,-0.593515
137,1.37,5.84434,0.217969,5.83673,0.197549,-0.593551
138,1.38,5.86034,0.171957,5.83868,0.189775,-0.593357
139,1.39,5.90241,0.192326,5.84111,0.184735,-0.593348
140,1.4,5.89897,0.196481,5.84352,0.18056,-0.59338
141,1.41,5.9726,0.218488,5.84668,0.178974,-0.593616
142,1.42,5.88933,0.175369,5.84877,0.173317,-0.593543
143,1.43,5.94401,0.108673,5.85068,0.161932,-0.593165
144,1.44,5.85452,0.204213,5.85271,0.160586,-0.593301
145,1.45,5.82958,0.17535,5.85428,0.156586,-0.593258
146,1.46,5.85262,0.146801,5.85576,0.150283,-0.59309
147,1.47,5.93574,0.181911,5.85816,0.148032,-0.593217
148,1.48,5.80845,0.142456,5.85923,0.142062,-0.593026
149,1.49,5.90856,0.0958745,5.86062,0.132373,-0.592681
150,1.5,5.88809,0.131988,5.86216,0.127009,-0.592566
151,1.51,5.79214,0.115444,5.86282,0.120447,-0.592305
152,1.52,5.89106,0.121264,5.86426,0.115203,-0.592186
153,1.53,5.87472,0.0939798,5.86531,0.10784,-0.591923
154,1.54,5.9275,0.117816,5.86695,0.103518,-0.59187
155,1.55,5.83066,0.0593706,5.86734,0.0939126,-0.59143
156,1.56,5.93868,0.0858029,5.86874,0.0878889,-0.591269
157,1.57,5.86739,0.0800175,5.86956,0.081787,-0.591045
158,1.58,5.80982,0.0681361,5.86985,0.0750553,-0.590737
159,1.59,5.776,0.0758927,5.86996,0.0696555,-0.590478
160,1.6,5.78234,0.0918936,5.87025,0.0663011,-0.59034
161,1.61,5.88106,0.0676621,5.87102,0.0611026,-0.590157
162,1.62,5.87872,0.0513374,5.87162,0.0548439,-0.589904
163,1.63,5.90618,0.0528941,5.87241,0.0493684,-0.589709
164,1.64,5.85573,0.0780765,5.87306,0.0467364,-0.589643
165,1.65,5.88334,0.0202345,5.87338,0.0388953,-0.589283
166,1.66,5.90298,0.0304446,5.87392,0.0328007,-0.589032
167,1.67,5.90789,0.0444361,5.8746,0.028624,-0.588891
168,1.68,5.94998,0.0184629,5.87533,0.0224355,-0.588655
169,1.69,5.82613,-0.00281134,5.87502,0.0146386,-0.588234
170,1.7,5.82157,0.00597783,5.87475,0.0084162,-0.587896
171,1.71,5.94595,-0.0724327,5.87462,-0.00448813,-0.587238
172,1.72,5.86694,0.00242113,5.87461,-0.00915633,-0.587003
173,1.73,5.83714,-0.0366344,5.87405,-0.0171333,-0.586548
174,1.74,5.78488,-0.0374946,5.87313,-0.024503,-0.586088
175,1.75,5.9335,-0.0156484,5.87338,-0.028879,-0.585895
176,1.76,5.85218,0.0160795,5.87338,-0.0299371,-0.585841
177,1.77,5.93137,-0.0395494,5.8734,-0.0360695,-0.585537
178,1.78,5.84638,-0.0572627,5.8727,-0.0434207,-0.585099
179,1.79,5.93149,-0.0535688,5.87258,-0.0495958,-0.584779
180,1.8,5.81107,-0.0363323,5.87183,-0.0537138,-0.584498
181,1.81,5.92833,-0.0533317,5.87169,-0.0588856,-0.584225
182,1.82,5.78559,-0.0541679,5.87062,-0.0638458,-0.58387
183,1.83,5.87731,-0.0473124,5.8702,-0.0675474,-0.583642
184,1.84,5.81047,-0.0526483,5.8693,-0.0714969,-0.583355
185,1.85,5.86245,-0.0680034,5.8686,-0.0764525,-0.583037
186,1.86,5.81924,-0.104864,5.8673,-0.0844986,-0.582505
187,1.87,5.8095,-0.0765743,5.86619,-0.0890978,-0.582164
188,1.88,5.83424,-0.136095,5.86471,-0.0988776,-0.581527
189,1.89,5.85633,-0.0707787,5.86395,-0.10148,-0.581321
190,1.9,5.81799,-0.128942,5.86243,-0.109415,-0.580772
191,1.91,5.79558,-0.0677962,5.86132,-0.110808,-0.580592
192,1.92,5.91421,-0.118871,5.8605,-0.116752,-0.580212
193,1.93,5.87505,-0.154716,5.85911,-0.125588,-0.579632
194,1.94,5.89923,-0.108048,5.85829,-0.129107,-0.579374
195,1.95,5.88429,-0.11095,5.85735,-0.132585,-0.579106
196,1.96,5.75826,-0.178234,5.85505,-0.142305,-0.578389
197,1.97,5.87554,-0.15874,5.85363,-0.14907,-0.57791
198,1.98,5.87623,-0.184979,5.85199,-0.157678,-0.577315
199,1.99,5.75155,-0.150319,5.84991,-0.162345,-0.576873
200,2,5.8745,-0.137115,5.84869,-0.165129,-0.576612
201,2.01,5.82842,-0.151385,5.84707,-0.169067,-0.576254
202,2.02,5.8226,-0.188344,5.84509,-0.176147,-0.575702
203,2.03,5.9433,-0.181054,5.84391,-0.18168,-0.575307
204,2.04,5.80319,-0.186155,5.84184,-0.187367,-0.574816
205,2.05,5.81427,-0.178532,5.83992,-0.191766,-0.574404
206,2.06,5.87252,-0.229356,5.83789,-0.200488,-0.573765
207,2.07,5.92728,-0.213618,5.83633,-0.206797,-0.573293
208,2.08,5.78999,-0.202041,5.83407,-0.211597,-0.572827
209,2.09,5.79289,-0.219561,5.83167,-0.217593,-0.572288
210,2.1,5.86507,-0.223047,5.82968,-0.22324,-0.571806
211,2.11,5.79582,-0.219938,5.82731,-0.228146,-0.571324
212,2.12,5.82726,-0.256942,5.82481,-0.23605,-0.570679
213,2.13,5.76996,-0.241585,5.82212,-0.241815,-0.570121
214,2.14,5.76931,-0.228167,5.81956,-0.24575,-0.569668
215,2.15,5.89841,-0.245022,5.8176,-0.250719,-0.569224
216,2.16,5.80303,-0.246863,5.81508,-0.255521,-0.568732
217,2.17,5.77461,-0.231913,5.81254,-0.258478,-0.56833
218,2.18,5.79654,-0.255345,5.80993,-0.263342,-0.567826
219,2.19,5.79326,-0.26936,5.80719,-0.269073,-0.567265
220,2.2,5.87065,-0.295132,5.80466,-0.276589,-0.566636
221,2.21,5.75242,-0.269293,5.8017,-0.281094,-0.566116
222,2.22,5.76669,-0.300136,5.79856,-0.288073,-0.565453
223,2.23,5.8228,-0.269148,5.79603,-0.291352,-0.565035
224,2.24,5.78736,-0.316808,5.79287,-0.298893,-0.564343
225,2.25,5.80469,-0.297152,5.79001,-0.303814,-0.56381
226,2.26,5.82128,-0.346559,5.7868,-0.312929,-0.563033
227,2.27,5.77599,-0.296087,5.7838,-0.316435,-0.562558
228,2.28,5.81099,-0.350384,5.78052,-0.324709,-0.561817
229,2.29,5.74847,-0.301502,5.77735,-0.327629,-0.561353
230,2.3,5.80616,-0.315171,5.77438,-0.331478,-0.560864
231,2.31,5.75929,-0.351043,5.77085,-0.33843,-0.560163
232,2.32,5.81449,-0.342328,5.76771,-0.343802,-0.559581
233,2.33,5.67004,-0.347335,5.76375,-0.349338,-0.558908
234,2.34,5.66428,-0.356982,5.75969,-0.35526,-0.558206
235,2.35,5.71611,-0.360075,5.75589,-0.360827,-0.557548
236,2.36,5.78099,-0.386846,5.75223,-0.368304,-0.556808
237,2.37,5.81685,-0.384737,5.74879,-0.374807,-0.556139
238,2.38,5.73312,-0.367683,5.74506,-0.379179,-0.555547
239,2.39,5.82383,-0.410053,5.74146,-0.387022,-0.554795
240,2.4,5.71916,-0.405545,5.73735,-0.39383,-0.554043
241,2.41,5.70901,-0.396803,5.73327,-0.399162,-0.553369
242,2.42,5.75562,-0.410717,5.72934,-0.40523,-0.552673
243,2.43,5.65385,-0.440633,5.72461,-0.413699,-0.551776
244,2.44,5.72366,-0.409752,5.72055,-0.418313,-0.551139
245,2.45,5.75614,-0.401042,5.71675,-0.421601,-0.550595
246,2.46,5.7886,-0.447284,5.71273,-0.428915,-0.549827
247,2.47,5.77378,-0.429267,5.70881,-0.43383,-0.549189
248,2.48,5.71195,-0.443943,5.70444,-0.43975,-0.548456
249,2.49,5.64522,-0.42671,5.69989,-0.443553,-0.547812
250,2.5,5.72276,-0.411991,5.69591,-0.445471,-0.547317
251,2.51,5.67926,-0.464194,5.69124,-0.452221,-0.546513
252,2.52,5.56799,-0.429403,5.68633,-0.455169,-0.545874
253,2.53,5.64424,-0.522156,5.681,-0.46653,-0.544773
254,2.54,5.63782,-0.483572,5.676,-0.473136,-0.543943
255,2.55,5.75743,-0.507719,5.67143,-0.481221,-0.543082
256,2.56,5.71023,-0.52188,5.6665,-0.489937,-0.542153
257,2.57,5.73337,-0.488812,5.662,-0.494633,-0.541468
258,2.58,5.64319,-0.515031,5.65682,-0.501492,-0.540607
259,2.59,5.60373,-0.50915,5.65151,-0.507181,-0.539792
260,2.6,5.57849,-0.454315,5.64659,-0.507139,-0.539302
261,2.61,5.65395,-0.502457,5.64164,-0.511556,-0.538587
262,2.62,5.61741,-0.461882,5.6369,-0.511736,-0.538103
263,2.63,5.65158,-0.50213,5.63199,-0.515664,-0.537416
264,2.64,5.673,-0.500998,5.62723,-0.519067,-0.536769
265,2.65,5.64623,-0.546608,5.62193,-0.526507,-0.535868
266,2.66,5.67836,-0.505574,5.61719,-0.529277,-0.535255
267,2.67,5.50609,-0.510775,5.61155,-0.532515,-0.534529
268,2.68,5.60154,-0.551927,5.60605,-0.539204,-0.533645
269,2.69,5.5856,-0.576045,5.60027,-0.547557,-0.532649
270,2.7,5.55595,-0.560137,5.59451,-0.553629,-0.531769
271,2.71,5.65878,-0.578468,5.58912,-0.560701,-0.530877
272,2.72,5.61883,-0.581699,5.58352,-0.56745,-0.529979
273,2.73,5.48559,-0.571826,5.57737,-0.572796,-0.529097
274,2.74,5.57937,-0.554474,5.57186,-0.575831,-0.528395
275,2.75,5.5187,-0.580057,5.56585,-0.581083,-0.527531
276,2.76,5.5367,-0.601642,5.55976,-0.587845,-0.526584
277,2.77,5.51658,-0.591067,5.55369,-0.59297,-0.525721
278,2.78,5.5481,-0.626252,5.54748,-0.600891,-0.524704
279,2.79,5.5468,-0.610675,5.54143,-0.606561,-0.523815
280,2.8,5.5757,-0.628147,5.53539,-0.613295,-0.522874
281,2.81,5.58867,-0.60474,5.52965,-0.617127,-0.522109
282,2.82,5.55145,-0.677096,5.5231,-0.627512,-0.520934
283,2.83,5.46892,-0.595235,5.5169,-0.629227,-0.520228
284,2.84,5.50679,-0.614163,5.51075,-0.632509,-0.519449
285,2.85,5.46228,-0.629241,5.50426,-0.63696,-0.518578
286,2.86,5.5075,-0.638514,5.49795,-0.641786,-0.517706
287,2.87,5.4458,-0.626262,5.49147,-0.645062,-0.516894
288,2.88,5.52385,-0.619352,5.48546,-0.647239,-0.516184
289,2.89,5.47948,-0.650292,5.47899,-0.6522,-0.515289
290,2.9,5.45339,-0.667549,5.47225,-0.65835,-0.514308
291,2.91,5.41094,-0.657468,5.46543,-0.662999,-0.513393
292,2.92,5.48557,-0.689746,5.45871,-0.670149,-0.512364
293,2.93,5.4945,-0.675863,5.45218,-0.675267,-0.511455
294,2.94,5.41233,-0.667805,5.44536,-0.679234,-0.510574
295,2.95,5.49132,-0.661945,5.439,-0.682135,-0.509793
296,2.96,5.42564,-0.698555,5.43202,-0.688318,-0.508786
297,2.97,5.36686,-0.720521,5.42459,-0.696068,-0.507655
298,2.98,5.35993,-0.680389,5.41751,-0.699255,-0.506788
299,2.99,5.3444,-0.735373,5.4099,-0.70737,-0.505621
300,3,5.32144,-0.729523,5.40225,-0.714169,-0.504517
301,3.01,5.3951,-0.733808,5.39495,-0.720602,-0.503465
302,3.02,5.44884,-0.704641,5.3882,-0.723552,-0.502643
303,3.03,5.39176,-0.725138,5.38103,-0.728236,-0.501691
304,3.04,5.44516,-0.719388,5.37418,-0.731831,-0.500827
305,3.05,5.33398,-0.712647,5.3669,-0.734588,-0.499961
306,3.06,5.35254,-0.731051,5.35958,-0.738786,-0.499018
307,3.07,5.37283,-0.761433,5.3521,-0.745424,-0.497939
308,3.08,5.342,-0.74472,5.34466,-0.749867,-0.496973
309,3.09,5.32164,-0.783009,5.33681,-0.757537,-0.495804
310,3.1,5.40613,-0.749697,5.32969,-0.761167,-0.49491
311,3.11,5.33717,-0.76056,5.32217,-0.765566,-0.493939
312,3.12,5.31613,-0.755898,5.31463,-0.769115,-0.493008
313,3.13,5.31875,-0.755678,5.30714,-0.772282,-0.4921
314,3.14,5.27369,-0.786281,5.29919,-0.778103,-0.491014
315,3.15,5.25202,-0.771411,5.2913,-0.781968,-0.490032
316,3.16,5.29031,-0.809642,5.28329,-0.789023,-0.488877
317,3.17,5.32237,-0.812726,5.27542,-0.795632,-0.48776
318,3.18,5.24036,-0.781679,5.26748,-0.798759,-0.48681
319,3.19,5.16128,-0.796213,5.25908,-0.803065,-0.485755
320,3.2,5.33489,-0.822178,5.25129,-0.809155,-0.484671
321,3.21,5.25856,-0.78744,5.24348,-0.811455,-0.483776
322,3.22,5.28703,-0.840416,5.23537,-0.818511,-0.482611
323,3.23,5.29169,-0.847646,5.22724,-0.825554,-0.481446
324,3.24,5.21641,-0.8221,5.21902,-0.829586,-0.480423
325,3.25,5.23,-0.809947,5.21101,-0.832039,-0.479499
326,3.26,5.13021,-0.804666,5.20262,-0.833881,-0.478568
327,3.27,5.11673,-0.834724,5.19394,-0.838405,-0.477474
328,3.28,5.104,-0.842172,5.18516,-0.843202,-0.476356
329,3.29,5.20112,-0.863721,5.17668,-0.849428,-0.475196
330,3.3,5.19587,-0.86345,5.1682,-0.855021,-0.474069
331,3.31,5.10503,-0.877699,5.15922,-0.861546,-0.472844
332,3.32,5.07667,-0.853385,5.15035,-0.865156,-0.471778
333,3.33,5.14139,-0.879785,5.14159,-0.870817,-0.470618
334,3.34,5.15114,-0.900532,5.13271,-0.877873,-0.469378
335,3.35,5.1235,-0.878562,5.12395,-0.882187,-0.468285
336,3.36,5.07426,-0.896501,5.11483,-0.887845,-0.46709
337,3.37,5.10783,-0.914912,5.10573,-0.894642,-0.465841
338,3.38,5.07383,-0.910702,5.09655,-0.900417,-0.464634
339,3.39,5.05688,-0.886268,5.08756,-0.903321,-0.46359
340,3.4,5.12499,-0.927627,5.07853,-0.909759,-0.462365
341,3.41,5.21553,-0.946723,5.06978,-0.917245,-0.461116
342,3.42,5.06938,-0.890577,5.06091,-0.91887,-0.460147
343,3.43,5.09428,-0.9286,5.05184,-0.923897,-0.45899
344,3.44,5.01816,-0.920121,5.04255,-0.927727,-0.457868
345,3.45,5.07942,-0.940787,5.03338,-0.933045,-0.456686
346,3.46,5.0007,-0.927772,5.02401,-0.93671,-0.455565
347,3.47,4.99432,-0.943882,5.0145,-0.941544,-0.454373
348,3.48,4.99655,-0.921158,5.00525,-0.943731,-0.453339
349,3.49,4.98073,-0.946751,4.99574,-0.948142,-0.452167
350,3.5,4.99643,-0.941457,4.98638,-0.951584,-0.451059
351,3.51,4.98006,-0.938038,4.97702,-0.954373,-0.449984
352,3.52,4.90254,-0.975675,4.96701,-0.960565,-0.448673
353,3.53,5.04117,-1.01744,4.95729,-0.969909,-0.447233
354,3.54,4.92006,-1.02201,4.94701,-0.978948,-0.445753
355,3.55,4.98466,-0.993502,4.93732,-0.984296,-0.444517
356,3.56,5.03345,-0.941151,4.92836,-0.984064,-0.443633
357,3.57,4.8966,-0.969474,4.91857,-0.986724,-0.442521
358,3.58,4.84534,-1.00192,4.9083,-0.992265,-0.441217
359,3.59,4.94534,-1.00853,4.89846,-0.997736,-0.439959
360,3.6,4.88085,-0.999569,4.88845,-1.0019,-0.43875
361,3.61,4.96567,-0.996605,4.87888,-1.00524,-0.437626
362,3.62,4.85645,-0.98031,4.86902,-1.00685,-0.43656
363,3.63,4.95886,-1.00949,4.85939,-1.01091,-0.435394
364,3.64,4.91921,-0.971963,4.84996,-1.01104,-0.434444
365,3.65,4.81366,-1.03282,4.83956,-1.01708,-0.433102
366,3.66,4.78604,-1.01261,4.82925,-1.02064,-0.431893
367,3.67,4.86611,-1.03886,4.81911,-1.02621,-0.4306
368,3.68,4.86504,-1.02146,4.80915,-1.02958,-0.429437
369,3.69,4.77813,-1.04355,4.79866,-1.03482,-0.428125
370,3.7,4.76349,-1.07443,4.78786,-1.0425,-0.426661
371,3.71,4.85419,-1.06836,4.77755,-1.0487,-0.42532
372,3.72,4.7944,-1.05037,4.76719,-1.05267,-0.424085
373,3.73,4.73275,-1.04372,4.75666,-1.05569,-0.422881
374,3.74,4.71642,-1.05489,4.74599,-1.05949,-0.421625
375,3.75,4.81609,-1.06092,4.73576,-1.06332,-0.42041
376,3.76,4.66959,-1.08268,4.72472,-1.06905,-0.41902
377,3.77,4.75244,-1.06109,4.71429,-1.07203,-0.417828
378,3.78,4.66843,-1.06089,4.70353,-1.0748,-0.416613
379,3.79,4.70149,-1.09486,4.69266,-1.08046,-0.415243
380,3.8,4.70917,-1.0966,4.68184,-1.08572,-0.413899
381,3.81,4.64918,-1.10399,4.67074,-1.09123,-0.412513
382,3.82,4.6806,-1.05584,4.66026,-1.09157,-0.411447
383,3.83,4.70417,-1.10119,4.64951,-1.09613,-0.410145
384,3.84,4.59456,-1.12967,4.63807,-1.10309,-0.408653
385,3.85,4.61811,-1.11057,4.62695,-1.10751,-0.407319
386,3.86,4.65303,-1.14845,4.61568,-1.11504,-0.405816
387,3.87,4.71278,-1.11862,4.60499,-1.11889,-0.404554
388,3.88,4.572,-1.10065,4.59389,-1.12085,-0.403346
389,3.89,4.6194,-1.11118,4.58294,-1.12353,-0.402118
390,3.9,4.57864,-1.14146,4.57159,-1.12886,-0.400716
391,3.91,4.49431,-1.11147,4.56019,-1.13093,-0.399472
392,3.92,4.58299,-1.17541,4.54864,-1.13872,-0.397928
393,3.93,4.51114,-1.13884,4.53715,-1.14237,-0.396597
394,3.94,4.50172,-1.11528,4.52589,-1.14342,-0.395418
395,3.95,4.47101,-1.13638,4.51435,-1.1464,-0.394115
396,3.96,4.52361,-1.1564,4.5029,-1.15088,-0.392746
397,3.97,4.42385,-1.16783,4.49096,-1.15615,-0.391289
398,3.98,4.46327,-1.17134,4.47921,-1.16115,-0.389863
399,3.99,4.46445,-1.1492,4.46771,-1.16355,-0.388593
400,4,4.54832,-1.18716,4.45627,-1.16918,-0.387168
401,4.01,4.47755,-1.16943,4.44473,-1.17266,-0.385841
402,4.02,4.53209,-1.16862,4.43349,-1.17562,-0.384568
403,4.03,4.50469,-1.1388,4.42244,-1.17548,-0.38347
404,4.04,4.53709,-1.19555,4.41106,-1.18067,-0.382073
405,4.05,4.36194,-1.15619,4.39933,-1.18186,-0.380841
406,4.06,4.32963,-1.16637,4.38742,-1.18392,-0.379547
407,4.07,4.35999,-1.19901,4.3754,-1.18881,-0.378099
408,4.08,4.32974,-1.21671,4.36312,-1.19493,-0.376566
409,4.09,4.34718,-1.18528,4.35126,-1.19743,-0.375255
410,4.1,4.2891,-1.19699,4.33909,-1.20085,-0.373866
411,4.11,4.39952,-1.2089,4.32733,-1.2049,-0.372489
412,4.12,4.40088,-1.1722,4.31597,-1.20504,-0.371345
413,4.13,4.31836,-1.20324,4.30401,-1.2082,-0.369991
414,4.14,4.33977,-1.23912,4.29187,-1.21442,-0.368466
415,4.15,4.33128,-1.22805,4.27983,-1.21898,-0.367035
416,4.16,4.3214,-1.24956,4.26761,-1.22513,-0.365505
417,4.17,4.20151,-1.22739,4.25512,-1.22873,-0.364076
418,4.18,4.25064,-1.20486,4.2431,-1.22974,-0.362823
419,4.19,4.15145,-1.25725,4.23023,-1.23576,-0.361235
420,4.2,4.27832,-1.24763,4.21804,-1.24007,-0.3598
421,4.21,4.22363,-1.24675,4.20567,-1.24393,-0.35837
422,4.22,4.22528,-1.24423,4.19338,-1.24716,-0.35698
423,4.23,4.21116,-1.24981,4.18102,-1.25059,-0.355573
424,4.24,4.11215,-1.24,4.16839,-1.25289,-0.354195
425,4.25,4.09692,-1.2397,4.15574,-1.25492,-0.352828
426,4.26,4.12349,-1.24034,4.14326,-1.25676,-0.351488
427,4.27,4.09121,-1.25668,4.13054,-1.25999,-0.350054
428,4.28,4.17787,-1.27662,4.11806,-1.26465,-0.348573
429,4.29,4.08057,-1.2657,4.10531,-1.26794,-0.347134
430,4.3,4.00636,-1.28607,4.09211,-1.27293,-0.345565
431,4.31,4.12628,-1.28596,4.07948,-1.27723,-0.344086
432,4.32,4.04816,-1.29119,4.06651,-1.2817,-0.342567
433,4.33,4.06323,-1.29689,4.05361,-1.28623,-0.34105
434,4.34,4.01348,-1.27554,4.04075,-1.28834,-0.339658
435,4.35,3.97371,-1.28578,4.02767,-1.29125,-0.338205
436,4.36,4.04606,-1.30473,4.01478,-1.29554,-0.336701
437,4.37,4.06061,-1.31166,4.00194,-1.30004,-0.335192
438,4.38,3.98857,-1.3051,3.98891,-1.30355,-0.333713
439,4.39,3.95414,-1.29733,3.97585,-1.30601,-0.332285
440,4.4,3.99491,-1.33318,3.96269,-1.31156,-0.330692
441,4.41,3.92288,-1.30636,3.94953,-1.31409,-0.329248
442,4.42,3.9214,-1.28639,3.93659,-1.31446,-0.327936
443,4.43,3.95187,-1.33724,3.92337,-1.31955,-0.326359
444,4.44,3.81556,-1.33979,3.9096,-1.32457,-0.324732
445,4.45,3.94269,-1.34654,3.89637,-1.32953,-0.32316
446,4.46,3.91011,-1.33926,3.88311,-1.33334,-0.321644
447,4.47,3.88066,-1.30972,3.87005,-1.33399,-0.320306
448,4.48,3.83669,-1.33129,3.85666,-1.33666,-0.318834
449,4.49,3.8359,-1.36398,3.84303,-1.34215,-0.317196
450,4.5,3.94233,-1.3485,3.83004,-1.34546,-0.315731
451,4.51,3.86039,-1.3511,3.81673,-1.34879,-0.314234
452,4.52,3.79586,-1.33431,3.80336,-1.35027,-0.312822
453,4.53,3.82514,-1.35973,3.78993,-1.35395,-0.311295
454,4.54,3.79082,-1.33557,3.77663,-1.355,-0.309913
455,4.55,3.82614,-1.33018,3.76358,-1.35535,-0.308591
456,4.56,3.68426,-1.36448,3.74968,-1.35911,-0.307013
457,4.57,3.73784,-1.39488,3.73579,-1.36528,-0.305315
458,4.58,3.84885,-1.37987,3.72254,-1.36925,-0.303792
459,4.59,3.72977,-1.34189,3.7092,-1.36937,-0.302452
460,4.6,3.70257,-1.38994,3.69536,-1.37405,-0.300834
461,4.61,3.67226,-1.37966,3.68154,-1.37732,-0.299289
462,4.62,3.69904,-1.37948,3.66789,-1.38019,-0.29778
463,4.63,3.73736,-1.39112,3.65435,-1.3838,-0.296245
464,4.64,3.65823,-1.40734,3.64039,-1.38869,-0.294604
465,4.65,3.5807,-1.35838,3.6266,-1.38854,-0.293233
466,4.66,3.56671,-1.39235,3.6125,-1.39163,-0.291668
467,4.67,3.59697,-1.41181,3.5984,-1.39619,-0.290031
468,4.68,3.6079,-1.4015,3.5845,-1.39928,-0.288486
469,4.69,3.49147,-1.40364,3.57015,-1.40242,-0.286894
470,4.7,3.51518,-1.38669,3.55611,-1.40358,-0.285432
471,4.71,3.55344,-1.40705,3.5421,-1.40648,-0.283887
472,4.72,3.54802,-1.40366,3.52816,-1.40875,-0.282379
473,4.73,3.58079,-1.38052,3.51462,-1.40852,-0.281036
474,4.74,3.44372,-1.40546,3.50034,-1.41086,-0.279491
475,4.75,3.56449,-1.44056,3.4863,-1.4161,-0.277825
476,4.76,3.42007,-1.43475,3.47176,-1.42046,-0.276153
477,4.77,3.50321,-1.43372,3.45763,-1.42415,-0.274556
478,4.78,3.34875,-1.41093,3.44313,-1.42552,-0.273037
479,4.79,3.43379,-1.40583,3.42909,-1.42611,-0.271603
480,4.8,3.38651,-1.43733,3.41462,-1.42968,-0.269978
481,4.81,3.37768,-1.42517,3.40028,-1.43172,-0.268442
482,4.82,3.36985,-1.43984,3.38583,-1.43495,-0.266836
483,4.83,3.34858,-1.41575,3.37157,-1.43557,-0.265379
484,4.84,3.38984,-1.45148,3.35722,-1.43944,-0.26375
485,4.85,3.29434,-1.45192,3.34252,-1.44308,-0.262098
486,4.86,3.28146,-1.43246,3.328,-1.44451,-0.260575
487,4.87,3.2887,-1.4423,3.31349,-1.4467,-0.259014
488,4.88,3.28544,-1.45586,3.29889,-1.44993,-0.257393
489,4.89,3.3599,-1.46821,3.28455,-1.45389,-0.255761
490,4.9,3.34074,-1.44391,3.2704,-1.45515,-0.254283
491,4.91,3.21604,-1.4489,3.25576,-1.45692,-0.25273
492,4.92,3.33381,-1.46853,3.24147,-1.46017,-0.251139
493,4.93,3.18108,-1.41534,3.2271,-1.45825,-0.249798
494,4.94,3.17528,-1.46094,3.21235,-1.46082,-0.248194
495,4.95,3.24198,-1.48291,3.19774,-1.4651,-0.246518
496,4.96,3.14469,-1.44945,3.18308,-1.4659,-0.245013
497,4.97,3.14764,-1.45438,3.16845,-1.46705,-0.243492
498,4.98,3.16351,-1.47409,3.15376,-1.46991,-0.241881
499,4.99,3.11927,-1.48466,3.13886,-1.47353,-0.240209
500,5,3.05638,-1.48623,3.12374,-1.47701,-0.238523
501,5.01,3.08967,-1.47222,3.10894,-1.47874,-0.236957
502,5.02,3.0885,-1.51546,3.09381,-1.48438,-0.235161
503,5.03,3.14719,-1.50504,3.07906,-1.48838,-0.233488
504,5.04,3.06684,-1.56271,3.06352,-1.49755,-0.231475
505,5.05,3.09506,-1.46555,3.04904,-1.49654,-0.230077
506,5.06,3.06054,-1.53034,3.03389,-1.50179,-0.228299
507,5.07,3.00724,-1.48777,3.01896,-1.50254,-0.226769
508,5.08,3.02568,-1.47812,3.00425,-1.50224,-0.225313
509,5.09,2.9853,-1.46336,2.98958,-1.50059,-0.223928
510,5.1,2.86068,-1.51331,2.974,-1.50399,-0.2222
511,5.11,2.97624,-1.5026,2.95905,-1.50585,-0.220613
512,5.12,2.95484,-1.48371,2.94425,-1.50572,-0.219139
513,5.13,2.88653,-1.4981,2.92909,-1.50704,-0.217557
514,5.14,2.86222,-1.49369,2.91394,-1.50782,-0.216003
515,5.15,2.9223,-1.48868,2.89914,-1.50792,-0.214518
516,5.16,2.89541,-1.51794,2.88403,-1.5108,-0.212863
517,5.17,2.87586,-1.52767,2.8688,-1.51432,-0.211164
518,5.18,2.82754,-1.53504,2.85337,-1.51824,-0.209425
519,5.19,2.8019,-1.4665,2.83852,-1.51527,-0.208089
520,5.2,2.87076,-1.55609,2.8232,-1.52096,-0.206272
521,5.21,2.8388,-1.50773,2.80825,-1.52153,-0.204748
522,5.22,2.76415,-1.54365,2.79272,-1.52552,-0.202996
523,5.23,2.81258,-1.54208,2.77747,-1.52888,-0.201302
524,5.24,2.81687,-1.55926,2.76213,-1.53351,-0.199538
525,5.25,2.8377,-1.54003,2.74712,-1.5358,-0.197922
526,5.26,2.7263,-1.54196,2.73169,-1.53819,-0.19626
527,5.27,2.73855,-1.54609,2.71634,-1.54068,-0.194599
528,5.28,2.72273,-1.55827,2.70087,-1.54408,-0.192882
529,5.29,2.64623,-1.52321,2.68546,-1.5439,-0.191351
530,5.3,2.59484,-1.56217,2.66956,-1.54748,-0.189582
531,5.31,2.71767,-1.55243,2.65431,-1.54957,-0.187952
532,5.32,2.69693,-1.55168,2.63904,-1.55139,-0.186334
533,5.33,2.62835,-1.5329,2.62372,-1.55131,-0.184806
534,5.34,2.64533,-1.54314,2.60844,-1.55215,-0.183236
535,5.35,2.601,-1.57198,2.59278,-1.55568,-0.181494
536,5.36,2.59353,-1.59862,2.5769,-1.56138,-0.179621
537,5.37,2.61245,-1.54633,2.56164,-1.5615,-0.178089
538,5.38,2.45697,-1.58322,2.54547,-1.56531,-0.176282
539,5.39,2.55404,-1.55288,2.53004,-1.56569,-0.17472
540,5.4,2.52985,-1.53104,2.51477,-1.56395,-0.173279
541,5.41,2.57663,-1.56432,2.49945,-1.56544,-0.171673
542,5.42,2.44085,-1.55046,2.48377,-1.56563,-0.170095
543,5.43,2.53004,-1.57783,2.46826,-1.56824,-0.168414
544,5.44,2.41851,-1.61231,2.45204,-1.574,-0.166504
545,5.45,2.40615,-1.5605,2.43631,-1.57427,-0.164917
546,5.46,2.40363,-1.55597,2.42067,-1.57405,-0.163365
547,5.47,2.32009,-1.57292,2.4046,-1.57554,-0.161683
548,5.48,2.30652,-1.5672,2.38859,-1.57633,-0.160042
549,5.49,2.35518,-1.61153,2.37244,-1.58115,-0.158186
550,5.5,2.30658,-1.60855,2.35618,-1.58526,-0.156355
551,5.51,2.3609,-1.55003,2.34074,-1.5833,-0.154909
552,5.52,2.41294,-1.58981,2.32521,-1.58519,-0.153262
553,5.53,2.29448,-1.58012,2.30935,-1.58612,-0.15163
554,5.54,2.26505,-1.58429,2.2934,-1.58736,-0.149972
555,5.55,2.25533,-1.60054,2.27732,-1.59,-0.148232
556,5.56,2.22299,-1.5901,2.26127,-1.59141,-0.146557
557,5.57,2.26968,-1.58309,2.24554,-1.59191,-0.144958
558,5.58,2.193,-1.61347,2.22928,-1.59532,-0.143162
559,5.59,2.18127,-1.57779,2.21336,-1.595,-0.141586
560,5.6,2.22173,-1.61009,2.19738,-1.59768,-0.139854
561,5.61,2.22445,-1.60668,2.1815,-1.59974,-0.138163
562,5.62,2.18025,-1.58938,2.16566,-1.59998,-0.136567
563,5.63,2.19411,-1.58045,2.15003,-1.5993,-0.135038
564,5.64,2.13993,-1.60211,2.13404,-1.60078,-0.133365
565,5.65,2.17783,-1.59944,2.11829,-1.60177,-0.131741
566,5.66,2.11494,-1.62286,2.10214,-1.60495,-0.129967
567,5.67,2.0272,-1.58353,2.08605,-1.60417,-0.128396
568,5.68,1.99937,-1.62119,2.06957,-1.60706,-0.126604
569,5.69,2.03502,-1.60804,2.05342,-1.60832,-0.124926
570,5.7,1.97485,-1.57948,2.03735,-1.6068,-0.123395
571,5.71,1.90626,-1.59347,2.02095,-1.60682,-0.121753
572,5.72,2.09073,-1.56851,2.00558,-1.60416,-0.12035
573,5.73,1.8968,-1.63526,1.98888,-1.60834,-0.118472
574,5.74,1.89834,-1.60231,1.97256,-1.60894,-0.116809
575,5.75,1.95321,-1.61149,1.95644,-1.61025,-0.115131
576,5.76,2.03554,-1.60106,1.94081,-1.61028,-0.113567
577,5.77,1.88819,-1.62674,1.92441,-1.61292,-0.111795
578,5.78,1.8925,-1.61699,1.90819,-1.61434,-0.110101
579,5.79,1.87906,-1.58117,1.8923,-1.61221,-0.108619
580,5.8,1.84114,-1.62328,1.87594,-1.61429,-0.106879
581,5.81,1.87905,-1.5889,1.86011,-1.61282,-0.10537
582,5.82,1.86248,-1.61249,1.84406,-1.61371,-0.103721
583,5.83,1.77547,-1.59767,1.82786,-1.6132,-0.102126
584,5.84,1.81206,-1.63651,1.81152,-1.61634,-0.100335
585,5.85,1.72747,-1.58951,1.79533,-1.6148,-0.0987935
586,5.86,1.78792,-1.5635,1.77969,-1.61081,-0.0974292
587,5.87,1.80532,-1.64976,1.7634,-1.61533,-0.095574
588,5.88,1.69339,-1.63896,1.74682,-1.61852,-0.0937562
589,5.89,1.74923,-1.59462,1.73093,-1.61707,-0.0922399
590,5.9,1.77246,-1.6496,1.7147,-1.62091,-0.0904248
591,5.91,1.67747,-1.65307,1.69812,-1.62482,-0.0885711
592,5.92,1.62028,-1.60421,1.68181,-1.62375,-0.0869938
593,5.93,1.74082,-1.59035,1.66619,-1.62125,-0.0855563
594,5.94,1.74356,-1.65188,1.65008,-1.6248,-0.0837679
595,5.95,1.57898,-1.6154,1.6337,-1.62475,-0.0821326
596,5.96,1.64256,-1.65011,1.61732,-1.62786,-0.0803393
597,5.97,1.65535,-1.60876,1.60144,-1.62669,-0.0788096
598,5.98,1.59149,-1.63307,1.58515,-1.628,-0.0771145
599,5.99,1.5933,-1.64361,1.56883,-1.63015,-0.0753752
600,6,1.5532,-1.64428,1.5524,-1.63217,-0.0736315
601,6.01,1.44478,-1.60548,1.53596,-1.63044,-0.0720739
602,6.02,1.5208,-1.59926,1.51995,-1.62812,-0.0705884
603,6.03,1.497,-1.65105,1.50343,-1.63095,-0.0687955
604,6.04,1.3803,-1.6762,1.48628,-1.63603,-0.0668263
605,6.05,1.53341,-1.63991,1.47014,-1.63691,-0.0651687
606,6.06,1.43639,-1.62767,1.45379,-1.63665,-0.0635466
607,6.07,1.48271,-1.63148,1.43766,-1.63667,-0.0619324
608,6.08,1.43727,-1.64121,1.42132,-1.63764,-0.0602498
609,6.09,1.33042,-1.62606,1.40475,-1.63719,-0.0586152
610,6.1,1.45542,-1.65406,1.38849,-1.63922,-0.0568882
611,6.11,1.33904,-1.60518,1.37228,-1.63655,-0.0554006
612,6.12,1.44395,-1.62359,1.35639,-1.63569,-0.0538546
613,6.13,1.36177,-1.63003,1.34018,-1.63561,-0.0522373
614,6.14,1.34255,-1.6366,1.32389,-1.63615,-0.0505816
615,6.15,1.33032,-1.70836,1.30696,-1.64344,-0.0485245
616,6.16,1.27328,-1.63147,1.29057,-1.64276,-0.0469188
617,6.17,1.27577,-1.64795,1.2741,-1.64368,-0.0452264
618,6.18,1.25731,-1.64466,1.25766,-1.64418,-0.0435567
619,6.19,1.31877,-1.60932,1.24185,-1.64115,-0.0421276
620,6.2,1.21531,-1.66938,1.22514,-1.64423,-0.0403027
621,6.21,1.17579,-1.65628,1.20846,-1.64579,-0.0385565
622,6.22,1.26912,-1.65215,1.19226,-1.64663,-0.0368941
623,6.23,1.1004,-1.67601,1.17522,-1.64987,-0.0350285
624,6.24,1.22499,-1.64284,1.15905,-1.64942,-0.0334344
625,6.25,1.11059,-1.66122,1.14232,-1.65089,-0.0316879
626,6.26,1.09705,-1.66115,1.12561,-1.65219,-0.0299509
627,6.27,1.0846,-1.63511,1.10914,-1.65088,-0.0283704
628,6.28,1.01285,-1.66276,1.0922,-1.65238,-0.0266015
629,6.29,1.10095,-1.65171,1.07579,-1.65252,-0.024953
630,6.3,1.07238,-1.65119,1.05933,-1.6526,-0.0233031
631,6.31,1.08044,-1.64814,1.043,-1.65233,-0.0216832
632,6.32,1.09662,-1.65292,1.02675,-1.65248,-0.0200513
633,6.33,1.04717,-1.68494,1.01008,-1.65569,-0.0182235
634,6.34,0.993664,-1.61779,0.993872,-1.65225,-0.0167745
635,6.35,0.920511,-1.64045,0.977229,-1.65137,-0.0151545
636,6.36,0.99894,-1.62638,0.961098,-1.64907,-0.0136561
637,6.37,0.989377,-1.65887,0.944699,-1.65006,-0.0119667
638,6.38,1.05486,-1.66983,0.928529,-1.65187,-0.0102595
639,6.39,0.947678,-1.63331,0.912324,-1.65014,-0.0087252
640,6.4,0.871528,-1.67491,0.895498,-1.65261,-0.00691925
641,6.41,0.958343,-1.63218,0.879479,-1.65062,-0.00541706
642,6.42,0.901772,-1.65243,0.863113,-1.65078,-0.00377223
643,6.43,0.785938,-1.65998,0.846277,-1.65178,-0.00203877
644,6.44,0.817353,-1.69379,0.829325,-1.65581,-0.000142144
645,6.45,0.764202,-1.65664,0.812564,-1.65596,0.00154153
646,6.46,0.790592,-1.67757,0.795785,-1.65801,0.00332181
647,6.47,0.752363,-1.61338,0.779505,-1.65377,0.00473826
648,6.48,0.719182,-1.5997,0.763284,-1.64866,0.00610435
649,6.49,0.739075,-1.67026,0.746569,-1.65066,0.00787633
650,6.5,0.720469,-1.67508,0.7298,-1.65293,0.00966638
651,6.51,0.678383,-1.64159,0.713234,-1.65181,0.0112673
652,6.52,0.704298,-1.65021,0.69676,-1.65155,0.0129014
653,6.53,0.649309,-1.64973,0.680136,-1.6513,0.0145516
654,6.54,0.643391,-1.66516,0.663415,-1.65252,0.0162845
655,6.55,0.665672,-1.67186,0.646788,-1.65418,0.0180303
656,6.56,0.649756,-1.64517,0.630406,-1.65313,0.0196161
657,6.57,0.619281,-1.64211,0.613996,-1.6519,0.0211954
658,6.58,0.577545,-1.65356,0.597381,-1.6519,0.0228567
659,6.59,0.511592,-1.66909,0.580425,-1.65343,0.0246287
660,6.6,0.599757,-1.66578,0.563922,-1.65432,0.0263241
661,6.61,0.584102,-1.64774,0.547585,-1.65341,0.0279118
662,6.62,0.559725,-1.63601,0.531324,-1.65146,0.0294405
663,6.63,0.436189,-1.6448,0.514553,-1.65067,0.0310784
664,6.64,0.502563,-1.64768,0.49809,-1.6501,0.0326961
665,6.65,0.563339,-1.6369,0.482037,-1.64843,0.0342179
666,6.66,0.457846,-1.61457,0.46583,-1.64492,0.0356628
667,6.67,0.490921,-1.65462,0.449458,-1.64545,0.037327
668,6.68,0.459663,-1.60984,0.433434,-1.64169,0.0387412
669,6.69,0.479754,-1.63704,0.41731,-1.64081,0.0403094
670,6.7,0.429454,-1.65678,0.400869,-1.64192,0.042009
671,6.71,0.457855,-1.63548,0.384802,-1.64082,0.0435608
672,6.72,0.352941,-1.65407,0.368209,-1.64171,0.0452645
673,6.73,0.381905,-1.6856,0.35151,-1.64543,0.0471203
674,6.74,0.347891,-1.63213,0.335227,-1.64372,0.0486632
675,6.75,0.303772,-1.65246,0.318648,-1.64413,0.0503418
676,6.76,0.26862,-1.62835,0.302213,-1.64222,0.0518898
677,6.77,0.321737,-1.64103,0.285944,-1.64159,0.0534849
678,6.78,0.323508,-1.61414,0.269994,-1.63842,0.0549214
679,6.79,0.274038,-1.63574,0.253714,-1.63764,0.0565104
680,6.8,0.349308,-1.64467,0.237721,-1.63763,0.0581093
681,6.81,0.242419,-1.65471,0.221271,-1.6387,0.0598077
682,6.82,0.144584,-1.5941,0.205046,-1.634,0.0611955
683,6.83,0.256258,-1.63668,0.188951,-1.6336,0.0627852
684,6.84,0.166003,-1.63917,0.172535,-1.63358,0.0644253
685,6.85,0.184621,-1.63974,0.156254,-1.63354,0.0660514
686,6.86,0.154359,-1.66715,0.139667,-1.63611,0.0678389
687,6.87,0.100469,-1.64236,0.123154,-1.63613,0.0694909
688,6.88,0.17427,-1.66881,0.106762,-1.63851,0.071249
689,6.89,0.0787569,-1.65854,0.0901445,-1.63978,0.0729747
690,6.9,0.101221,-1.66964,0.0735811,-1.64192,0.0747379
691,6.91,0.0291386,-1.64484,0.0570196,-1.64156,0.0763761
692,6.92,0.0503667,-1.61444,0.0408878,-1.63828,0.0778251
693,6.93,-0.0899567,-1.64243,0.0240045,-1.63814,0.0795064
694,6.94,-0.107151,-1.62405,0.00728787,-1.63625,0.0810835
695,6.95,0.0255632,-1.66487,-0.00920054,-1.63818,0.0828292
696,6.96,0.00931128,-1.63576,-0.0254237,-1.63715,0.0844
697,6.97,-0.0711342,-1.60539,-0.0416262,-1.63341,0.0858332
698,6.98,-0.0999982,-1.60847,-0.0579047,-1.63033,0.0873068
699,6.99,-0.0388501,-1.62321,-0.0740047,-1.62881,0.0888409
700,7,-0.118065,-1.62174,-0.0903433,-1.62737,0.090403
701,7.01,-0.0124438,-1.65176,-0.106466,-1.62874,0.0920834
702,7.02,-0.192843,-1.66222,-0.123344,-1.63119,0.0938938
703,7.03,-0.261188,-1.64108,-0.140238,-1.63146,0.0955965
704,7.04,-0.12093,-1.61568,-0.156269,-1.62904,0.0970789
705,7.05,-0.181632,-1.58882,-0.172233,-1.62435,0.0984408
706,7.06,-0.20187,-1.62875,-0.188574,-1.6239,0.100052
707,7.07,-0.188265,-1.61103,-0.204633,-1.62174,0.101551
708,7.08,-0.216039,-1.60179,-0.220653,-1.61892,0.103011
709,7.09,-0.195569,-1.63167,-0.236798,-1.61914,0.104637
710,7.1,-0.301244,-1.57014,-0.252739,-1.61361,0.105954
711,7.11,-0.304969,-1.60018,-0.268902,-1.61143,0.107461
712,7.12,-0.166601,-1.62115,-0.284635,-1.6112,0.109024
713,7.13,-0.377008,-1.58421,-0.30081,-1.60776,0.110469
714,7.14,-0.404618,-1.61205,-0.317283,-1.6073,0.112093
715,7.15,-0.305455,-1.62599,-0.33342,-1.60802,0.113743
716,7.16,-0.340561,-1.59955,-0.349392,-1.60617,0.115248
717,7.17,-0.305261,-1.6166,-0.365312,-1.60603,0.116833
718,7.18,-0.364067,-1.60821,-0.381328,-1.60516,0.118391
719,7.19,-0.339654,-1.58672,-0.396985,-1.60225,0.119811
720,7.2,-0.368092,-1.61586,-0.412957,-1.60239,0.121415
721,7.21,-0.468173,-1.62623,-0.42936,-1.60362,0.123117
722,7.22,-0.496802,-1.62985,-0.445847,-1.60507,0.124838
723,7.23,-0.44826,-1.61293,-0.46192,-1.60467,0.126426
724,7.24,-0.463937,-1.60666,-0.477934,-1.60369,0.127978
725,7.25,-0.481613,-1.58728,-0.493777,-1.60096,0.129426
726,7.26,-0.50614,-1.58319,-0.509615,-1.59809,0.130866
727,7.27,-0.537949,-1.60576,-0.525721,-1.59766,0.132455
728,7.28,-0.545753,-1.59607,-0.541705,-1.59631,0.133986
729,7.29,-0.600851,-1.58621,-0.557754,-1.5942,0.135486
730,7.3,-0.621627,-1.58473,-0.573807,-1.59215,0.136988
731,7.31,-0.506686,-1.60266,-0.589498,-1.59178,0.138539
732,7.32,-0.685165,-1.59054,-0.60573,-1.59053,0.140099
733,7.33,-0.611425,-1.60428,-0.621725,-1.59055,0.1417
734,7.34,-0.641179,-1.57959,-0.637551,-1.58823,0.143167
735,7.35,-0.682988,-1.60965,-0.653753,-1.58902,0.144826
736,7.36,-0.566576,-1.54816,-0.668863,-1.58367,0.14607
737,7.37,-0.671315,-1.5767,-0.684589,-1.58167,0.147542
738,7.38,-0.669074,-1.57867,-0.700259,-1.58,0.149026
739,7.39,-0.729155,-1.58014,-0.716119,-1.57869,0.150546
740,7.4,-0.772438,-1.58676,-0.732148,-1.57815,0.152122
741,7.41,-0.697279,-1.56788,-0.747639,-1.57572,0.15355
742,7.42,-0.743062,-1.54149,-0.763009,-1.57105,0.154853
743,7.43,-0.828942,-1.58188,-0.779026,-1.57075,0.15644
744,7.44,-0.805996,-1.53898,-0.794494,-1.56633,0.157766
745,7.45,-0.898252,-1.5381,-0.810259,-1.56235,0.159143
746,7.46,-0.81133,-1.5576,-0.825787,-1.56044,0.160601
747,7.47,-0.876985,-1.55968,-0.841534,-1.55896,0.162102
748,7.48,-0.903407,-1.60731,-0.857757,-1.56216,0.163884
749,7.49,-0.826871,-1.56774,-0.873251,-1.56114,0.165382
750,7.5,-0.836009,-1.57028,-0.888741,-1.56043,0.166896
751,7.51,-1.00085,-1.53637,-0.904518,-1.55678,0.168291
752,7.52,-0.880878,-1.56059,-0.919971,-1.55556,0.169775
753,7.53,-0.998256,-1.57343,-0.935948,-1.55581,0.171385
754,7.54,-0.972338,-1.52299,-0.951297,-1.55117,0.172688
755,7.55,-0.918569,-1.58645,-0.966945,-1.55289,0.174339
756,7.56,-0.966214,-1.54505,-0.982344,-1.55055,0.175762
757,7.57,-1.01956,-1.57479,-0.998166,-1.55129,0.177381
758,7.58,-0.998047,-1.54595,-1.01357,-1.54916,0.178815
759,7.59,-0.999295,-1.553,-1.02899,-1.54786,0.180292
760,7.6,-1.05257,-1.57813,-1.04478,-1.54912,0.181934
761,7.61,-1.03447,-1.58109,-1.06047,-1.55047,0.183571
762,7.62,-1.07957,-1.53676,-1.07587,-1.54751,0.184963
763,7.63,-1.12192,-1.54789,-1.09148,-1.54592,0.186444
764,7.64,-1.10156,-1.51857,-1.10668,-1.54163,0.187749
765,7.65,-1.04792,-1.49862,-1.12141,-1.53573,0.188928
766,7.66,-1.05034,-1.53816,-1.13645,-1.53413,0.190352
767,7.67,-1.16294,-1.53502,-1.15186,-1.5325,0.191811
768,7.68,-1.23717,-1.56129,-1.16773,-1.53361,0.193454
769,7.69,-1.2456,-1.53222,-1.18331,-1.53182,0.194922
770,7.7,-1.14343,-1.52206,-1.19833,-1.52904,0.196285
771,7.71,-1.25245,-1.49375,-1.21346,-1.52397,0.197545
772,7.72,-1.20845,-1.50846,-1.22849,-1.52068,0.198883
773,7.73,-1.32269,-1.5478,-1.24427,-1.52157,0.200505
774,7.74,-1.32494,-1.50776,-1.25962,-1.51854,0.201889
775,7.75,-1.27959,-1.49939,-1.27466,-1.5149,0.203211
776,7.76,-1.34475,-1.50448,-1.28994,-1.51215,0.204602
777,7.77,-1.29322,-1.51518,-1.30505,-1.51057,0.206034
778,7.78,-1.37091,-1.49744,-1.32025,-1.50753,0.207402
779,7.79,-1.40213,-1.48706,-1.33542,-1.50381,0.208732
780,7.8,-1.39222,-1.49339,-1.35053,-1.50099,0.210103
781,7.81,-1.32485,-1.50409,-1.36542,-1.49932,0.211508
782,7.82,-1.40546,-1.49051,-1.38044,-1.49661,0.212874
783,7.83,-1.38986,-1.4829,-1.39527,-1.49337,0.214195
784,7.84,-1.52587,-1.48471,-1.41059,-1.49078,0.215598
785,7.85,-1.43884,-1.50474,-1.42569,-1.49017,0.217078
786,7.86,-1.41375,-1.48403,-1.44044,-1.48759,0.218423
787,7.87,-1.49412,-1.49753,-1.45557,-1.48661,0.219887
788,7.88,-1.48406,-1.47932,-1.47043,-1.48395,0.221241
789,7.89,-1.52563,-1.47243,-1.48534,-1.48091,0.222579
790,7.9,-1.46945,-1.49547,-1.50017,-1.48024,0.224028
791,7.91,-1.50767,-1.48873,-1.51503,-1.479,0.225453
792,7.92,-1.61649,-1.48521,-1.53023,-1.47768,0.226907
793,7.93,-1.51333,-1.49826,-1.54508,-1.47754,0.228385
794,7.94,-1.57063,-1.49241,-1.56004,-1.4769,0.229849
795,7.95,-1.63247,-1.48421,-1.57512,-1.4756,0.231292
796,7.96,-1.63612,-1.48873,-1.59019,-1.47482,0.23276
797,7.97,-1.6008,-1.45819,-1.60478,-1.47113,0.234034
798,7.98,-1.58142,-1.49608,-1.61957,-1.47133,0.235524
799,7.99,-1.59209,-1.4905,-1.6343,-1.47096,0.236978
800,8,-1.71109,-1.48169,-1.64937,-1.46992,0.238433
801,8.01,-1.68849,-1.47557,-1.66423,-1.46834,0.239839
802,8.02,-1.71573,-1.44263,-1.67883,-1.46378,0.241072
803,8.03,-1.69028,-1.45317,-1.69337,-1.46058,0.242366
804,8.04,-1.66158,-1.48451,-1.70802,-1.4606,0.243832
805,8.05,-1.74804,-1.42299,-1.72239,-1.45485,0.244982
806,8.06,-1.69903,-1.43685,-1.73664,-1.45087,0.246207
807,8.07,-1.78976,-1.4288,-1.75111,-1.4466,0.247441
808,8.08,-1.75297,-1.44312,-1.7655,-1.44401,0.248751
809,8.09,-1.73621,-1.44753,-1.77981,-1.44203,0.250082
810,8.1,-1.75554,-1.42545,-1.79393,-1.43814,0.2513
811,8.11,-1.80722,-1.44136,-1.80835,-1.43617,0.252643
812,8.12,-1.87914,-1.45722,-1.82314,-1.43596,0.254112
813,8.13,-1.77013,-1.42627,-1.83715,-1.43264,0.255348
814,8.14,-1.88286,-1.41931,-1.85149,-1.42911,0.256605
815,8.15,-1.80373,-1.44593,-1.8657,-1.4283,0.257985
816,8.16,-1.87747,-1.41535,-1.87987,-1.42473,0.259223
817,8.17,-1.86421,-1.41351,-1.8939,-1.42127,0.260454
818,8.18,-1.93272,-1.38293,-1.90787,-1.41531,0.261553
819,8.19,-1.92972,-1.46057,-1.92248,-1.41725,0.263111
820,8.2,-2.022,-1.44358,-1.93725,-1.4175,0.2646
821,8.21,-1.91283,-1.42608,-1.95136,-1.41587,0.265929
822,8.22,-1.88026,-1.39901,-1.96503,-1.41173,0.26709
823,8.23,-2.01055,-1.38272,-1.97902,-1.4066,0.268232
824,8.24,-2.08697,-1.40318,-1.99344,-1.40399,0.269544
825,8.25,-1.9372,-1.3872,-2.00706,-1.39985,0.270699
826,8.26,-2.04981,-1.39749,-2.02116,-1.39722,0.271977
827,8.27,-2.00304,-1.42755,-2.0353,-1.39759,0.273409
828,8.28,-2.04629,-1.38858,-2.04919,-1.39426,0.274632
829,8.29,-2.0492,-1.35401,-2.06272,-1.38793,0.275668
830,8.3,-2.03907,-1.40946,-2.07666,-1.38743,0.277037
831,8.31,-2.11837,-1.39177,-2.09069,-1.38537,0.278338
832,8.32,-1.96155,-1.39827,-2.10411,-1.38387,0.279604
833,8.33,-2.16282,-1.36803,-2.11799,-1.3799,0.280794
834,8.34,-2.05517,-1.37552,-2.13146,-1.37683,0.281987
835,8.35,-2.13714,-1.37343,-2.14517,-1.37394,0.283214
836,8.36,-2.19016,-1.37746,-2.15908,-1.37176,0.284496
837,8.37,-2.19558,-1.33179,-2.17253,-1.36542,0.285524
838,8.38,-2.14632,-1.36203,-2.18601,-1.36246,0.286724
839,8.39,-2.20987,-1.35727,-2.19964,-1.35938,0.287933
840,8.4,-2.23451,-1.34777,-2.21323,-1.3557,0.289108
841,8.41,-2.29535,-1.36005,-2.22711,-1.3536,0.290391
842,8.42,-2.26019,-1.3374,-2.24059,-1.34946,0.291532
843,8.43,-2.23456,-1.34824,-2.254,-1.34668,0.292734
844,8.44,-2.35005,-1.35048,-2.26785,-1.34451,0.29401
845,8.45,-2.34588,-1.39141,-2.28199,-1.3464,0.295519
846,8.46,-2.35338,-1.32703,-2.29552,-1.34197,0.296651
847,8.47,-2.28786,-1.32263,-2.30869,-1.33742,0.29774
848,8.48,-2.40025,-1.31991,-2.32223,-1.33317,0.298882
849,8.49,-2.39832,-1.3262,-2.33576,-1.3299,0.300071
850,8.5,-2.33873,-1.34572,-2.34918,-1.32867,0.301351
851,8.51,-2.37131,-1.31813,-2.36241,-1.32496,0.302489
852,8.52,-2.46739,-1.33508,-2.37614,-1.32331,0.303779
853,8.53,-2.34924,-1.33289,-2.38931,-1.32142,0.305002
854,8.54,-2.36918,-1.3299,-2.40248,-1.31941,0.306219
855,8.55,-2.35872,-1.29862,-2.41527,-1.31458,0.307256
856,8.56,-2.3497,-1.29145,-2.4279,-1.30949,0.308265
857,8.57,-2.43977,-1.30859,-2.441,-1.30661,0.30943
858,8.58,-2.3807,-1.28577,-2.45359,-1.30172,0.310445
859,8.59,-2.47225,-1.28253,-2.46647,-1.2971,0.311502
860,8.6,-2.48176,-1.35244,-2.47997,-1.29954,0.312974
861,8.61,-2.3957,-1.28277,-2.49244,-1.29497,0.313992
862,8.62,-2.532,-1.26702,-2.50525,-1.28951,0.315001
863,8.63,-2.52924,-1.27896,-2.51811,-1.28568,0.316094
864,8.64,-2.49766,-1.30041,-2.53098,-1.28417,0.317306
865,8.65,-2.59511,-1.28638,-2.54406,-1.28158,0.318485
866,8.66,-2.54338,-1.29133,-2.55692,-1.27961,0.319673
867,8.67,-2.59084,-1.27876,-2.56981,-1.27666,0.320814
868,8.68,-2.60134,-1.29186,-2.5828,-1.27523,0.322042
869,8.69,-2.60283,-1.25295,-2.59539,-1.27021,0.32305
870,8.7,-2.51573,-1.29633,-2.60798,-1.26964,0.32428
871,8.71,-2.70314,-1.23822,-2.62073,-1.26384,0.325265
872,8.72,-2.69583,-1.26884,-2.63368,-1.26146,0.326441
873,8.73,-2.66722,-1.24888,-2.64627,-1.25734,0.327494
874,8.74,-2.673,-1.25545,-2.6589,-1.25422,0.328601
875,8.75,-2.58448,-1.23341,-2.67092,-1.24914,0.329549
876,8.76,-2.563,-1.20978,-2.68258,-1.24224,0.33037
877,8.77,-2.62792,-1.23617,-2.6947,-1.23858,0.331398
878,8.78,-2.789,-1.22004,-2.70725,-1.23393,0.332422
879,8.79,-2.60597,-1.25502,-2.71935,-1.23276,0.333573
880,8.8,-2.68847,-1.21988,-2.7314,-1.22846,0.334563
881,8.81,-2.79189,-1.20885,-2.74371,-1.22364,0.335553
882,8.82,-2.7784,-1.25303,-2.75632,-1.22343,0.336803
883,8.83,-2.75914,-1.26896,-2.76894,-1.22469,0.338129
884,8.84,-2.83508,-1.21372,-2.78132,-1.22067,0.339165
885,8.85,-2.86822,-1.19257,-2.79358,-1.21504,0.34011
886,8.86,-2.76154,-1.21452,-2.80557,-1.21185,0.341149
887,8.87,-2.92668,-1.21855,-2.81819,-1.20956,0.342297
888,8.88,-2.84608,-1.17841,-2.83008,-1.20352,0.343184
889,8.89,-2.80153,-1.2109,-2.84204,-1.20106,0.344257
890,8.9,-2.9597,-1.22019,-2.85466,-1.19992,0.345462
891,8.91,-2.92045,-1.2141,-2.86702,-1.19822,0.346612
892,8.92,-2.88803,-1.16541,-2.87875,-1.19197,0.347474
893,8.93,-2.91298,-1.17986,-2.89066,-1.18771,0.348452
894,8.94,-2.8926,-1.1714,-2.90236,-1.18299,0.349386
895,8.95,-2.85517,-1.17522,-2.9139,-1.179,0.35034
896,8.96,-2.98965,-1.16752,-2.92586,-1.17484,0.351328
897,8.97,-2.93869,-1.15969,-2.93749,-1.17022,0.35226
898,8.98,-2.90676,-1.19142,-2.94923,-1.16899,0.353372
899,8.99,-2.92793,-1.16298,-2.96075,-1.16517,0.354333
900,9,-3.04528,-1.17291,-2.97277,-1.1628,0.355418
901,9.01,-2.95626,-1.1523,-2.98421,-1.15855,0.356348
902,9.02,-3.048,-1.12454,-2.99571,-1.15217,0.357179
903,9.03,-2.96792,-1.15806,-3.00714,-1.14944,0.358186
904,9.04,-2.98134,-1.1537,-3.01854,-1.14655,0.359181
905,9.05,-3.07504,-1.14659,-3.0302,-1.14337,0.360188
906,9.06,-3.00344,-1.13932,-3.04146,-1.13967,0.361129
907,9.07,-3.00791,-1.16638,-3.05294,-1.13887,0.362237
908,9.08,-3.11078,-1.14176,-3.06455,-1.13594,0.363252
909,9.09,-3.06543,-1.11552,-3.0757,-1.13069,0.364104
910,9.1,-3.0545,-1.11031,-3.0867,-1.12541,0.364941
911,9.11,-3.15214,-1.13458,-3.09827,-1.12306,0.36598
912,9.12,-3.13384,-1.13539,-3.10973,-1.12096,0.367021
913,9.13,-3.04919,-1.10982,-3.12056,-1.11647,0.36788
914,9.14,-3.06314,-1.11286,-3.13144,-1.1127,0.368779
915,9.15,-3.14442,-1.09827,-3.14246,-1.10799,0.369645
916,9.16,-3.06344,-1.10811,-3.15319,-1.10453,0.370546
917,9.17,-3.13169,-1.12048,-3.16427,-1.10264,0.371559
918,9.18,-3.145,-1.08867,-3.17506,-1.09791,0.372402
919,9.19,-3.19357,-1.11052,-3.1862,-1.09575,0.373408
920,9.2,-3.24226,-1.07382,-3.19716,-1.09035,0.374233
921,9.21,-3.1495,-1.04946,-3.20747,-1.08299,0.374896
922,9.22,-3.22165,-1.08612,-3.21835,-1.0799,0.37583
923,9.23,-3.17095,-1.05928,-3.22875,-1.07445,0.376598
924,9.24,-3.23749,-1.08853,-3.23963,-1.07238,0.377582
925,9.25,-3.27981,-1.05579,-3.25033,-1.06743,0.378405
926,9.26,-3.29391,-1.0267,-3.26078,-1.06018,0.379088
927,9.27,-3.32768,-1.0077,-3.27115,-1.05185,0.379707
928,9.28,-3.31408,-1.03649,-3.28167,-1.047,0.380517
929,9.29,-3.26518,-1.04726,-3.29205,-1.04354,0.381382
930,9.3,-3.28432,-1.04819,-3.30247,-1.0405,0.382272
931,9.31,-3.28087,-1.01315,-3.31251,-1.0344,0.382971
932,9.32,-3.27065,-1.0422,-3.32274,-1.0316,0.383854
933,9.33,-3.33476,-1.00328,-3.33282,-1.02543,0.384554
934,9.34,-3.31663,-1.03062,-3.34303,-1.02241,0.385423
935,9.35,-3.36304,-1.02726,-3.35335,-1.0194,0.386305
936,9.36,-3.27965,-0.993121,-3.36299,-1.01328,0.386963
937,9.37,-3.33713,-1.0128,-3.37299,-1.00968,0.387783
938,9.38,-3.40261,-1.029,-3.38336,-1.00804,0.388738
939,9.39,-3.39628,-1.0246,-3.39362,-1.0061,0.389667
940,9.4,-3.48147,-0.999797,-3.40395,-1.00209,0.390499
941,9.41,-3.44314,-1.00977,-3.41417,-0.999325,0.391383
942,9.42,-3.36226,-1.0249,-3.42417,-0.998124,0.392323
943,9.43,-3.42037,-0.999709,-3.43412,-0.994704,0.393148
944,9.44,-3.35979,-0.956713,-3.4434,-0.987412,0.393711
945,9.45,-3.45908,-0.968908,-3.45315,-0.982099,0.39442
946,9.46,-3.48847,-0.98331,-3.4631,-0.978682,0.395244
947,9.47,-3.53994,-0.977068,-3.47315,-0.97505,0.396068
948,9.48,-3.46585,-0.996042,-3.48305,-0.973436,0.396976
949,9.49,-3.385,-0.949192,-3.49214,-0.967382,0.397584
950,9.5,-3.45023,-0.997923,-3.50191,-0.966611,0.398521
951,9.51,-3.50739,-0.96435,-3.51155,-0.962784,0.399295
952,9.52,-3.45202,-0.953246,-3.52084,-0.958163,0.399992
953,9.53,-3.49561,-0.980045,-3.5305,-0.956572,0.400878
954,9.54,-3.58033,-0.940165,-3.54009,-0.951444,0.401581
955,9.55,-3.51028,-0.985768,-3.54978,-0.951015,0.402528
956,9.56,-3.55079,-0.936224,-3.55913,-0.945954,0.403211
957,9.57,-3.60045,-0.938662,-3.56867,-0.941658,0.40395
958,9.58,-3.55272,-0.960106,-3.57817,-0.939719,0.404803
959,9.59,-3.59451,-0.951414,-3.58772,-0.937178,0.405631
960,9.6,-3.58408,-0.961291,-3.59728,-0.93578,0.406517
961,9.61,-3.62141,-0.895705,-3.60634,-0.928314,0.40705
962,9.62,-3.61085,-0.93658,-3.6157,-0.925409,0.407841
963,9.63,-3.64273,-0.919899,-3.62499,-0.92122,0.40856
964,9.64,-3.6087,-0.913684,-3.63405,-0.91677,0.409244
965,9.65,-3.749,-0.905775,-3.64356,-0.912176,0.409965
966,9.66,-3.64408,-0.879722,-3.65237,-0.905368,0.410505
967,9.67,-3.66798,-0.878508,-3.66122,-0.89911,0.411077
968,9.68,-3.7023,-0.893521,-3.6703,-0.894906,0.411775
969,9.69,-3.71396,-0.907103,-3.67952,-0.89239,0.412571
970,9.7,-3.72921,-0.919094,-3.68887,-0.891254,0.413449
971,9.71,-3.73981,-0.876103,-3.69782,-0.886134,0.414089
972,9.72,-3.67583,-0.863248,-3.70637,-0.880166,0.414645
973,9.73,-3.84828,-0.868365,-3.71561,-0.875487,0.415336
974,9.74,-3.71427,-0.907988,-3.72464,-0.874803,0.416204
975,9.75,-3.68371,-0.890841,-3.73335,-0.872488,0.41696
976,9.76,-3.80626,-0.8683,-3.74231,-0.868411,0.417652
977,9.77,-3.75472,-0.852278,-3.75088,-0.863103,0.418243
978,9.78,-3.74281,-0.869184,-3.75952,-0.859872,0.418946
979,9.79,-3.80387,-0.859955,-3.76828,-0.856141,0.419635
980,9.8,-3.73635,-0.833936,-3.77649,-0.850174,0.420158
981,9.81,-3.78316,-0.875064,-3.78523,-0.848735,0.42096
982,9.82,-3.84215,-0.836065,-3.79382,-0.843792,0.421571
983,9.83,-3.71001,-0.84354,-3.8019,-0.839818,0.422181
984,9.84,-3.84114,-0.820974,-3.81027,-0.834251,0.422739
985,9.85,-3.75451,-0.850564,-3.81852,-0.831883,0.423446
986,9.86,-3.77941,-0.799513,-3.82637,-0.824905,0.423883
987,9.87,-3.79068,-0.793008,-3.83417,-0.817973,0.424316
988,9.88,-3.87754,-0.845675,-3.84276,-0.816817,0.425117
989,9.89,-3.95213,-0.847511,-3.85163,-0.816036,0.425965
990,9.9,-3.89819,-0.810492,-3.85991,-0.81171,0.426577
991,9.91,-3.81461,-0.7887,-3.86763,-0.805585,0.427042
992,9.92,-3.88475,-0.782502,-3.87552,-0.799539,0.427529
993,9.93,-3.86802,-0.80623,-3.88354,-0.796284,0.428168
994,9.94,-3.99462,-0.79557,-3.89192,-0.792492,0.428817
995,9.95,-3.96586,-0.853642,-3.90069,-0.79452,0.429795
996,9.96,-3.92576,-0.806763,-3.90883,-0.79182,0.430474
997,9.97,-3.89474,-0.788276,-3.91665,-0.787555,0.431042
998,9.98,-3.88815,-0.772243,-3.92425,-0.782146,0.431533
999,9.99,-3.98502,-0.741218,-3.93193,-0.774428,0.431915
